Row Labels,Sum of Sales,Average of Shipping Cost
Standard Class,7578889,19.97165412
Second Class,2565747,30.46966635
First Class,1831067,41.05297023
Same Day,667202,42.93732544
Grand Total,12642905,26.37581796
